{
  "loo_log_mean": {
    "abidalee": 2.5531895785330967,
    "alexchriss": 3.843144821269386,
    "amitrawal-ai": 3.8504855046465147,
    "andressantana": 3.213244228728845,
    "ankit-pangasa": 5.076570763959953,
    "ariadi": 2.841478505197936,
    "arundhati-banerjee-130912a0": 3.124712060367905,
    "avr27": 2.976253804352261,
    "baptiste-parravicini": 3.605978853541545,
    "ceposta": 4.453086966206409,
    "chappyasel": 4.172617750567796,
    "dalianaliu": 4.061191238300599,
    "dharmesh": 6.2155772205105535,
    "george-glass-887ba61": 3.6503280961546136,
    "jingjing-zhong": 2.9994682809733417,
    "kaushiksumit007": 2.112763347227923,
    "kristen-kehrer-datamovesme": 3.3277412473661396,
    "niharika-gupta-8bb47882": 3.505304138747741,
    "nk-systemdesign-one": 2.622112640322587,
    "oliver-reeves": 2.581385179129637,
    "paramanantham": 1.4451858789480825,
    "patrick-szymkowiak": 2.452637389219215,
    "plaban-nayak-a9433a25": 3.9364745206088183,
    "qi-han-wong-34955261": 3.501532729393231,
    "rakeshgohel01": 3.998783704849201,
    "reidhoffman": 6.206141656302762,
    "rubendominguezibar": 3.7264301960459463,
    "sam-coyle": 2.3633589452586974,
    "sheetal-v-72b87a159": 4.060740187375376,
    "srijit-mukherjee": 3.2123503990999276,
    "srinivasan-shan": 3.0957197554090046,
    "stephaniehillsphd": 1.9736404990390952,
    "strickvl": 2.383305612044036,
    "testerops": 1.6218178751324723,
    "tian-chong-ng-76739216": 5.123176152777567,
    "tpschmidt": 3.7299029656984204,
    "travisbradberry": 6.3795798706721945,
    "tuxboy": 2.433715935285344,
    "ybernstein": 2.879031550502922,
    "yujunliang": 4.06591525881707
  },
  "loo_log_median": {
    "abidalee": 2.4414009612931857,
    "alexchriss": 3.719684538756671,
    "amitrawal-ai": 3.51054198214457,
    "andressantana": 3.213244228728845,
    "ankit-pangasa": 5.114882571373636,
    "ariadi": 2.953430643836618,
    "arundhati-banerjee-130912a0": 3.0439033063049123,
    "avr27": 2.9834856751979144,
    "baptiste-parravicini": 3.7238756400239534,
    "ceposta": 4.482295731668044,
    "chappyasel": 4.172617750567796,
    "dalianaliu": 4.107503216380787,
    "dharmesh": 6.2298920992054,
    "george-glass-887ba61": 3.4657359027997265,
    "jingjing-zhong": 2.9994682809733417,
    "kaushiksumit007": 1.791759469228055,
    "kristen-kehrer-datamovesme": 3.0342127941220554,
    "niharika-gupta-8bb47882": 3.6733275815882696,
    "nk-systemdesign-one": 2.7159598045729876,
    "oliver-reeves": 2.657597896006801,
    "paramanantham": 1.4451858789480825,
    "patrick-szymkowiak": 2.452637389219215,
    "plaban-nayak-a9433a25": 3.9364745206088183,
    "qi-han-wong-34955261": 3.501532729393231,
    "rakeshgohel01": 3.998783704849201,
    "reidhoffman": 6.21157894113021,
    "rubendominguezibar": 3.874105270558957,
    "sam-coyle": 2.3633589452586974,
    "sheetal-v-72b87a159": 4.060740187375376,
    "srijit-mukherjee": 3.0677824455408693,
    "srinivasan-shan": 3.5323795138959007,
    "stephaniehillsphd": 1.7776740307447068,
    "strickvl": 2.383305612044036,
    "testerops": 1.0986122886681098,
    "tian-chong-ng-76739216": 5.0991580092868345,
    "tpschmidt": 3.668468456853809,
    "travisbradberry": 6.090033710921331,
    "tuxboy": 2.433715935285344,
    "ybernstein": 2.9994841886522345,
    "yujunliang": 3.856320277202941
  },
  "post_count": {
    "abidalee": 10,
    "alexchriss": 9,
    "amitrawal-ai": 10,
    "andressantana": 2,
    "ankit-pangasa": 6,
    "ariadi": 7,
    "arundhati-banerjee-130912a0": 11,
    "avr27": 5,
    "baptiste-parravicini": 6,
    "ceposta": 5,
    "chappyasel": 3,
    "dalianaliu": 4,
    "dharmesh": 10,
    "george-glass-887ba61": 1,
    "jingjing-zhong": 2,
    "kaushiksumit007": 4,
    "kristen-kehrer-datamovesme": 8,
    "niharika-gupta-8bb47882": 4,
    "nk-systemdesign-one": 11,
    "oliver-reeves": 11,
    "paramanantham": 2,
    "patrick-szymkowiak": 2,
    "plaban-nayak-a9433a25": 3,
    "qi-han-wong-34955261": 2,
    "rakeshgohel01": 3,
    "reidhoffman": 10,
    "rubendominguezibar": 11,
    "sam-coyle": 3,
    "sheetal-v-72b87a159": 2,
    "srijit-mukherjee": 10,
    "srinivasan-shan": 4,
    "stephaniehillsphd": 10,
    "strickvl": 3,
    "testerops": 9,
    "tian-chong-ng-76739216": 7,
    "tpschmidt": 6,
    "travisbradberry": 14,
    "tuxboy": 3,
    "ybernstein": 7,
    "yujunliang": 7
  },
  "global_log_mean": 3.6503280961546136,
  "global_log_median": 3.4657359027997265,
  "loo_log_mean_per_row": {
    "99": 2.5927412453327503,
    "103": 2.455323175649536,
    "125": 2.5607765706158854,
    "136": 2.68284460269012,
    "141": 2.397850229638838,
    "187": 2.68284460269012,
    "203": 2.5704445013925112,
    "240": 2.528811895899021,
    "261": 2.4022080866558695,
    "334": 2.658050874766319,
    "374": 3.663137457835811,
    "376": 4.035714787303804,
    "393": 4.06360773121808,
    "410": 3.677227424548291,
    "423": 3.6676599149079987,
    "433": 3.9262811951345666,
    "450": 3.9936557577261524,
    "481": 3.9316011469369156,
    "537": 3.6294179758128577,
    "29": 3.619178873224126,
    "34": 3.9299289811706664,
    "37": 3.8932354604072685,
    "43": 3.749186790185265,
    "54": 3.7540395750188944,
    "61": 3.9571648098409984,
    "82": 3.803132103049899,
    "91": 4.022474439274567,
    "101": 3.8832785538861927,
    "111": 3.8932354604072685,
    "705": 4.634728988229636,
    "738": 1.791759469228055,
    "503": 5.279796314642661,
    "510": 5.176942721051268,
    "513": 5.06590517376733,
    "555": 5.071911631187104,
    "588": 4.8772760099318635,
    "591": 4.987592733179495,
    "611": 2.7178050996549064,
    "630": 2.887566696487335,
    "632": 2.9488541598415545,
    "643": 3.0164316778595825,
    "644": 2.7924758867427335,
    "712": 2.7998845138378723,
    "772": 2.7273315019615647,
    "105": 3.0587643030128695,
    "126": 3.25800731948189,
    "142": 3.029429522014124,
    "154": 3.1376100390492967,
    "159": 3.0658260597342646,
    "160": 3.128079021068864,
    "177": 3.153861931999074,
    "179": 3.142739368488052,
    "209": 3.1886926014258954,
    "233": 3.076091475140273,
    "254": 3.1327310226323535,
    "359": 3.027170074880381,
    "384": 3.0605529230365116,
    "388": 2.896358038939244,
    "397": 2.92580379785334,
    "755": 2.9713841870518287,
    "508": 3.5293778149369985,
    "550": 3.5944622950239244,
    "556": 3.570336697466201,
    "575": 3.522104286102824,
    "578": 3.634027443689908,
    "681": 3.7855645840294114,
    "51": 4.4004989342299945,
    "56": 4.435911563495751,
    "57": 4.504234897245672,
    "81": 4.526637936918093,
    "196": 4.398151499142535,
    "469": 4.141873373553065,
    "489": 4.453467669529583,
    "491": 3.9225122086207422,
    "287": 4.1245213140981685,
    "340": 3.941974781801933,
    "383": 3.966986510449571,
    "426": 4.211282346852724,
    "280": 6.2077526789551865,
    "295": 6.220220677911512,
    "297": 6.1797369312597645,
    "300": 6.178457940319081,
    "310": 6.117030316592322,
    "317": 6.187047323400516,
    "338": 6.273934750086831,
    "350": 6.2638920765903565,
    "353": 6.284976136066076,
    "357": 6.242723373923898,
    "574": 3.6503280961546136,
    "509": 3.4339872044851463,
    "573": 2.5649493574615367,
    "631": 1.7309856169634035,
    "639": 2.219764639894546,
    "732": 2.219764639894546,
    "784": 2.2805384921591974,
    "262": 3.0427028571129577,
    "282": 3.2593239270226846,
    "290": 3.4261246641876935,
    "299": 3.3322990161321124,
    "302": 3.489243628798985,
    "303": 3.204610748128956,
    "312": 3.4070487509556195,
    "341": 3.4605763865901062,
    "459": 3.2771872709881795,
    "461": 3.3903563177603018,
    "528": 3.8454366350676543,
    "529": 3.5082363311748277,
    "22": 2.584750676999447,
    "356": 2.6445343770750087,
    "419": 2.7456944682428572,
    "420": 2.570774482761931,
    "429": 2.627828968608692,
    "438": 2.5952867285652297,
    "443": 2.5259720105092347,
    "445": 2.607065032130868,