{
  "loo_log_mean": {
    "abidalee": 0.6540115590500173,
    "alexchriss": 1.0621372365106614,
    "amitrawal-ai": 1.499418951776815,
    "andressantana": 1.575858596388463,
    "ankit-pangasa": 2.7529601062502795,
    "ariadi": 0.5530287158439844,
    "arundhati-banerjee-130912a0": 0.6253959822236762,
    "avr27": 0.4394449154672439,
    "baptiste-parravicini": 2.4739252645482157,
    "ceposta": 2.138333059508028,
    "chappyasel": 1.7917594692280552,
    "dalianaliu": 2.2348047849880355,
    "dharmesh": 4.343432087435853,
    "george-glass-887ba61": 1.0593512767826485,
    "jingjing-zhong": 1.0397207708399179,
    "kaushiksumit007": 0.4023594781085251,
    "kristen-kehrer-datamovesme": 1.2110390213588866,
    "niharika-gupta-8bb47882": 0.8958797346140275,
    "nk-systemdesign-one": 0.49823990212199926,
    "oliver-reeves": 1.125303987860966,
    "paramanantham": 0.8549831191538456,
    "patrick-szymkowiak": 0.8958797346140275,
    "plaban-nayak-a9433a25": 0.9241962407465936,
    "qi-han-wong-34955261": 2.2499048351651325,
    "rakeshgohel01": 1.2211872153765488,
    "reidhoffman": 4.853039218824734,
    "rubendominguezibar": 1.9430462597074345,
    "sam-coyle": 0.3662040962227033,
    "sheetal-v-72b87a159": 1.0691665297540138,
    "srijit-mukherjee": 1.4005800284407404,
    "srinivasan-shan": 0.9678002527269728,
    "stephaniehillsphd": 0.32115241754401835,
    "strickvl": 0.3662040962227033,
    "testerops": 0.0,
    "tian-chong-ng-76739216": 1.5216523525823868,
    "tpschmidt": 1.6117156108947361,
    "travisbradberry": 3.778214887487635,
    "tuxboy": 0.9985774245179971,
    "ybernstein": 0.8089943543051351,
    "yujunliang": 1.718674108293116
  },
  "loo_log_median": {
    "abidalee": 0.5006062970710716,
    "alexchriss": 1.0986122886681098,
    "amitrawal-ai": 1.4978661367769954,
    "andressantana": 1.3862943611198906,
    "ankit-pangasa": 2.9621278987072657,
    "ariadi": 0.31388922533374564,
    "arundhati-banerjee-130912a0": 0.8037285736803537,
    "avr27": 0.3295836866004329,
    "baptiste-parravicini": 2.9444389791664403,
    "ceposta": 2.1383330595080277,
    "chappyasel": 1.7917594692280552,
    "dalianaliu": 2.2348047849880355,
    "dharmesh": 4.274249020622325,
    "george-glass-887ba61": 1.0593512767826485,
    "jingjing-zhong": 1.0397207708399179,
    "kaushiksumit007": 0.0,
    "kristen-kehrer-datamovesme": 1.3862943611198906,
    "niharika-gupta-8bb47882": 0.5493061443340549,
    "nk-systemdesign-one": 0.0,
    "oliver-reeves": 1.177071035700414,
    "paramanantham": 0.8549831191538456,
    "patrick-szymkowiak": 0.8958797346140275,
    "plaban-nayak-a9433a25": 0.9241962407465936,
    "qi-han-wong-34955261": 2.2499048351651325,
    "rakeshgohel01": 1.2211872153765488,
    "reidhoffman": 4.820249046337359,
    "rubendominguezibar": 2.1038812213224776,
    "sam-coyle": 0.3662040962227033,
    "sheetal-v-72b87a159": 1.0986122886681098,
    "srijit-mukherjee": 1.4978661367769954,
    "srinivasan-shan": 1.0397207708399179,
    "stephaniehillsphd": 0.0,
    "strickvl": 0.3662040962227033,
    "testerops": 0.0,
    "tian-chong-ng-76739216": 1.732867951399863,
    "tpschmidt": 1.4978661367769954,
    "travisbradberry": 3.650573902928016,
    "tuxboy": 0.9985774245179971,
    "ybernstein": 0.8669179411777301,
    "yujunliang": 1.5357938307669041
  },
  "post_count": {
    "abidalee": 9,
    "alexchriss": 9,
    "amitrawal-ai": 8,
    "andressantana": 1,
    "ankit-pangasa": 6,
    "ariadi": 7,
    "arundhati-banerjee-130912a0": 11,
    "avr27": 5,
    "baptiste-parravicini": 6,
    "ceposta": 4,
    "chappyasel": 3,
    "dalianaliu": 3,
    "dharmesh": 10,
    "george-glass-887ba61": 3,
    "jingjing-zhong": 2,
    "kaushiksumit007": 4,
    "kristen-kehrer-datamovesme": 8,
    "niharika-gupta-8bb47882": 4,
    "nk-systemdesign-one": 11,
    "oliver-reeves": 11,
    "paramanantham": 3,
    "patrick-szymkowiak": 2,
    "plaban-nayak-a9433a25": 3,
    "qi-han-wong-34955261": 2,
    "rakeshgohel01": 3,
    "reidhoffman": 10,
    "rubendominguezibar": 11,
    "sam-coyle": 3,
    "sheetal-v-72b87a159": 4,
    "srijit-mukherjee": 10,
    "srinivasan-shan": 4,
    "stephaniehillsphd": 9,
    "strickvl": 3,
    "testerops": 8,
    "tian-chong-ng-76739216": 8,
    "tpschmidt": 6,
    "travisbradberry": 16,
    "tuxboy": 3,
    "ybernstein": 7,
    "yujunliang": 7
  },
  "global_log_mean": 1.575858596388463,
  "global_log_median": 1.3862943611198906,
  "loo_log_mean_per_row": {
    "99": 0.7357630039312695,
    "103": 0.5117930702777626,
    "125": 0.6491196063612763,
    "136": 0.7357630039312695,
    "141": 0.5345832648770069,
    "187": 0.7357630039312695,
    "203": 0.6491196063612763,
    "240": 0.5984364678477557,
    "334": 0.7357630039312695,
    "374": 0.8143390863590663,
    "376": 1.194904391074494,
    "393": 1.194904391074494,
    "410": 1.0575778549909804,
    "423": 0.9937246520202315,
    "433": 1.0575778549909804,
    "450": 1.194904391074494,
    "481": 1.0575778549909804,
    "537": 0.9937246520202315,
    "34": 1.483701957397203,
    "37": 1.5155796075849473,
    "54": 1.2427878211728844,
    "61": 1.713621659173503,
    "82": 1.483701957397203,
    "91": 1.5566770465066302,
    "101": 1.713621659173503,
    "111": 1.285659905808647,
    "705": 1.575858596388463,
    "503": 2.823973072940661,
    "510": 2.981664545013516,
    "513": 2.630092961503041,
    "555": 2.7369094586890923,
    "588": 2.6597769625266956,
    "591": 2.6853436368286725,
    "611": 0.41415110829800006,
    "630": 0.41415110829800006,
    "632": 0.6452001684846485,
    "643": 0.6452001684846485,
    "644": 0.6452001684846485,
    "712": 0.6452001684846485,
    "772": 0.46209812037329684,
    "105": 0.5780743515792329,
    "126": 0.687935580446044,
    "142": 0.5780743515792329,
    "154": 0.5780743515792329,
    "159": 0.5780743515792329,
    "160": 0.6186208623900494,
    "177": 0.5780743515792329,
    "179": 0.6879355804460439,
    "209": 0.6879355804460439,
    "233": 0.6879355804460439,
    "254": 0.6186208623900493,
    "359": 0.5493061443340549,
    "384": 0.5493061443340549,
    "388": 0.27465307216702745,
    "397": 0.5493061443340549,
    "755": 0.27465307216702745,
    "508": 2.3505018267861955,
    "550": 2.4141925730099025,
    "556": 2.3505018267861955,
    "575": 2.379822521624571,
    "578": 2.379822521624571,
    "681": 2.968710317457859,
    "51": 2.0228085294147036,
    "57": 2.253857589601352,
    "81": 2.1579635654507583,
    "196": 2.118702553565297,
    "469": 1.6479184330021646,
    "489": 2.1383330595080277,
    "491": 1.5890269151739727,
    "287": 2.312486406642136,
    "383": 1.9356005054539454,
    "426": 2.4563274428680257,
    "280": 4.331108175345002,
    "295": 4.358847583885284,
    "297": 4.230336523183234,
    "300": 4.312149784563807,
    "310": 4.264230563223358,
    "317": 4.395902207050071,
    "338": 4.36568734977411,
    "350": 4.343390605833871,
    "353": 4.451891671596895,
    "357": 4.3807764099028965,
    "574": 1.5890269151739727,
    "635": 0.6931471805599453,
    "691": 0.8958797346140275,
    "509": 1.3862943611198906,
    "573": 0.6931471805599453,
    "631": 0.0,
    "639": 0.5364793041447001,
    "732": 0.5364793041447001,
    "784": 0.5364793041447001,
    "262": 1.007036405893691,
    "282": 1.186002544250172,
    "290": 1.28502357004445,
    "299": 1.186002544250172,
    "302": 1.3840445958387277,
    "303": 1.0701553705049822,
    "312": 1.186002544250172,
    "341": 1.3840445958387277,
    "459": 0.3662040962227033,
    "461": 0.8283022165960001,
    "528": 1.1945063128187032,
    "529": 1.1945063128187032,
    "22": 0.40943445622221003,
    "356": 0.5480638923341992,
    "419": 0.5480638923341992,
    "420": 0.5480638923341992,
    "429": 0.5480638923341992,
    "438": 0.5480638923341992,
    "443": 0.40943445622221003,
    "445": 0.4382026634673881,
    "455": 0.5480638923341992,
    "463": 0.3871201010907891,
    "521": 0.5480638923341992,
    "19": 1.0992049505350736,